Income,MntCoffee,MntGoldProds,NumWebVisitsMonth
58138.0,635.0,88.0,
46344.0,,6.0,5.0
71613.0,,42.0,
26646.0,11.0,5.0,6.0
58293.0,173.0,15.0,5.0
,520.0,14.0,
55635.0,235.0,27.0,6.0
33454.0,76.0,23.0,8.0
30351.0,14.0,2.0,9.0
5648.0,28.0,13.0,20.0
,5.0,1.0,7.0
7500.0,6.0,16.0,8.0
63033.0,194.0,30.0,2.0
59354.0,233.0,14.0,6.0
17323.0,3.0,5.0,8.0
82800.0,1006.0,45.0,3.0
41850.0,53.0,4.0,8.0
37760.0,84.0,28.0,7.0
76995.0,1012.0,176.0,5.0
33812.0,,39.0,
37040.0,86.0,48.0,8.0
2447.0,1.0,1.0,1.0
58607.0,867.0,19.0,8.0
65324.0,384.0,5.0,4.0
40689.0,270.0,99.0,8.0
18589.0,6.0,13.0,
,,41.0,7.0
,5.0,362.0,1.0
38360.0,36.0,10.0,3.0
84618.0,684.0,0.0,
,8.0,4.0,5.0
38620.0,112.0,89.0,3.0
40548.0,110.0,3.0,5.0
46610.0,96.0,43.0,6.0
68657.0,482.0,22.0,7.0
,40.0,3.0,7.0
67353.0,702.0,35.0,2.0
23718.0,,36.0,7.0
42429.0,55.0,4.0,5.0
48948.0,437.0,42.0,6.0
80011.0,421.0,102.0,4.0
20559.0,13.0,7.0,
21994.0,9.0,3.0,5.0
,,39.0,2.0
7500.0,3.0,12.0,5.0
79941.0,123.0,174.0,1.0
,3.0,50.0,9.0
41728.0,13.0,13.0,10.0
,48.0,7.0,6.0
72550.0,826.0,38.0,
65486.0,245.0,14.0,2.0
79143.0,650.0,32.0,3.0
35790.0,12.0,3.0,7.0
82582.0,510.0,241.0,
,328.0,109.0,3.0
82384.0,984.0,190.0,1.0
70287.0,295.0,40.0,3.0
27938.0,13.0,,3.0
,11.0,6.0,6.0
55954.0,447.0,43.0,7.0
75777.0,712.0,80.0,1.0
66653.0,,6.0,3.0
61823.0,523.0,169.0,7.0
67680.0,546.0,6.0,5.0
70666.0,398.0,30.0,
25721.0,,15.0,7.0
32474.0,10.0,0.0,7.0
88194.0,688.0,38.0,5.0
69096.0,247.0,109.0,4.0
74854.0,,73.0,5.0
66991.0,496.0,12.0,3.0
,25.0,17.0,8.0
65031.0,,86.0,7.0
60631.0,565.0,19.0,7.0
28332.0,14.0,9.0,2.0
40246.0,2.0,1.0,6.0
75251.0,721.0,18.0,5.0
75825.0,1032.0,51.0,4.0
26326.0,1.0,9.0,3.0
56046.0,577.0,51.0,8.0
,64.0,17.0,8.0
26304.0,4.0,4.0,7.0
23559.0,25.0,23.0,7.0
,112.0,89.0,3.0
81361.0,163.0,76.0,1.0
29440.0,17.0,3.0,7.0
36138.0,130.0,5.0,7.0
50388.0,,34.0,7.0
79593.0,,145.0,2.0
54178.0,,7.0,2.0
,,53.0,
,7.0,1.0,7.0
,445.0,18.0,1.0
42394.0,15.0,4.0,7.0
23626.0,27.0,0.0,5.0
30096.0,5.0,9.0,
47916.0,505.0,75.0,6.0
51813.0,51.0,2.0,7.0
78497.0,207.0,223.0,
50150.0,135.0,11.0,5.0
47823.0,53.0,10.0,8.0
34554.0,41.0,5.0,6.0
,386.0,111.0,5.0
65846.0,562.0,81.0,4.0
87195.0,217.0,38.0,1.0
24594.0,1.0,9.0,5.0
49096.0,144.0,7.0,7.0
52413.0,295.0,65.0,
38557.0,76.0,27.0,7.0
89058.0,454.0,43.0,2.0
77298.0,425.0,79.0,3.0
,1332.0,86.0,9.0
57288.0,527.0,60.0,
86037.0,490.0,22.0,
43974.0,378.0,72.0,7.0
50785.0,64.0,27.0,6.0
90765.0,547.0,33.0,1.0
36550.0,47.0,120.0,9.0
30753.0,12.0,30.0,5.0
21918.0,1.0,3.0,6.0
56129.0,320.0,48.0,4.0
32557.0,34.0,10.0,5.0
19510.0,9.0,7.0,7.0
30992.0,17.0,2.0,7.0
101970.0,722.0,168.0,2.0
71488.0,162.0,172.0,1.0
79607.0,450.0,216.0,1.0
54348.0,70.0,4.0,6.0
,352.0,15.0,6.0
77376.0,492.0,12.0,
62998.0,120.0,58.0,5.0
61331.0,534.0,41.0,
73448.0,236.0,130.0,
,231.0,124.0,4.0
41551.0,220.0,23.0,8.0
62981.0,796.0,0.0,3.0
9548.0,0.0,9.0,8.0
,53.0,16.0,8.0
35860.0,15.0,20.0,
36921.0,17.0,4.0,7.0
92859.0,962.0,20.0,2.0
,738.0,50.0,7.0
86111.0,399.0,126.0,2.0
68352.0,,33.0,6.0
41883.0,,116.0,7.0
59809.0,598.0,49.0,8.0
23957.0,,16.0,6.0
38547.0,6.0,4.0,8.0
35688.0,73.0,32.0,
49605.0,42.0,8.0,3.0
59354.0,295.0,13.0,3.0
65747.0,346.0,13.0,
46344.0,233.0,91.0,7.0
34176.0,5.0,20.0,6.0
61010.0,888.0,76.0,5.0
69372.0,997.0,42.0,4.0
,212.0,3.0,7.0
,8.0,0.0,4.0
55375.0,42.0,14.0,2.0
80317.0,536.0,57.0,1.0
30523.0,5.0,5.0,7.0
70356.0,1349.0,33.0,6.0
23228.0,53.0,5.0,8.0
74165.0,1001.0,12.0,
157243.0,20.0,1.0,0.0
43482.0,18.0,28.0,6.0
62551.0,125.0,27.0,3.0
52332.0,212.0,2.0,4.0
,277.0,124.0,1.0
26091.0,15.0,20.0,5.0
33456.0,7.0,7.0,
28718.0,12.0,16.0,8.0
50447.0,85.0,27.0,6.0
,81.0,6.0,5.0
52074.0,59.0,48.0,4.0
80427.0,1149.0,26.0,5.0
83837.0,847.0,111.0,4.0
,29.0,2.0,7.0
,2.0,1.0,2.0
78497.0,207.0,,2.0
51650.0,152.0,7.0,5.0
16248.0,12.0,9.0,6.0
66835.0,620.0,141.0,2.0
30477.0,47.0,12.0,6.0
28249.0,1.0,10.0,6.0
25271.0,10.0,7.0,
32303.0,35.0,2.0,5.0
61286.0,356.0,117.0,5.0
74068.0,783.0,15.0,2.0
45759.0,,4.0,7.0
,1.0,36.0,6.0
,466.0,102.0,3.0
36640.0,15.0,25.0,5.0
38872.0,23.0,22.0,8.0
51148.0,,12.0,6.0
31353.0,10.0,7.0,8.0
69661.0,656.0,8.0,3.0
80067.0,519.0,51.0,2.0
86718.0,344.0,172.0,
46854.0,96.0,79.0,8.0
69142.0,448.0,39.0,
75922.0,265.0,92.0,1.0
63693.0,587.0,54.0,6.0
102160.0,763.0,58.0,4.0
40637.0,22.0,3.0,7.0
18890.0,6.0,15.0,6.0
29604.0,7.0,14.0,9.0
48721.0,81.0,21.0,6.0
44794.0,54.0,4.0,6.0
64497.0,1170.0,192.0,8.0
46097.0,72.0,8.0,4.0
77972.0,613.0,12.0,1.0
44377.0,224.0,10.0,8.0
46014.0,410.0,44.0,7.0
70951.0,239.0,54.0,1.0
,,89.0,8.0
,12.0,1.0,8.0
83790.0,1076.0,16.0,3.0
44551.0,182.0,66.0,7.0
69508.0,824.0,43.0,6.0
,,18.0,3.0
72460.0,,10.0,1.0
77622.0,520.0,14.0,3.0
30732.0,155.0,3.0,8.0
63887.0,897.0,92.0,6.0
42011.0,131.0,39.0,8.0
51369.0,297.0,182.0,8.0
51537.0,787.0,92.0,8.0
79930.0,792.0,17.0,2.0
,4.0,0.0,8.0
37070.0,231.0,39.0,7.0
81975.0,983.0,27.0,7.0
38590.0,3.0,3.0,8.0
15033.0,0.0,4.0,3.0
62745.0,562.0,32.0,5.0
22212.0,5.0,21.0,6.0
23661.0,18.0,1.0,7.0
79761.0,415.0,11.0,3.0
7500.0,5.0,20.0,
60182.0,8.0,2.0,4.0
73455.0,901.0,20.0,3.0
64961.0,382.0,38.0,3.0
22804.0,,1.0,9.0
73687.0,559.0,181.0,2.0
61074.0,789.0,152.0,7.0
31686.0,11.0,1.0,6.0
80134.0,1218.0,80.0,
75027.0,925.0,77.0,5.0
67546.0,864.0,172.0,3.0
65176.0,960.0,70.0,6.0
31160.0,16.0,13.0,8.0
29938.0,3.0,11.0,6.0
102692.0,168.0,148.0,2.0
26490.0,45.0,25.0,6.0
75702.0,650.0,30.0,
30899.0,24.0,1.0,6.0
63342.0,918.0,21.0,6.0
45989.0,138.0,12.0,3.0
18701.0,12.0,10.0,5.0
40737.0,11.0,2.0,
15287.0,1.0,13.0,7.0
,554.0,24.0,5.0
,,7.0,
,9.0,5.0,9.0
43776.0,177.0,20.0,8.0
38179.0,,20.0,7.0
80124.0,483.0,241.0,
,77.0,69.0,7.0
72940.0,,116.0,
22070.0,10.0,21.0,6.0
69267.0,778.0,146.0,7.0
31788.0,16.0,6.0,
61905.0,167.0,13.0,5.0
29315.0,13.0,4.0,6.0
33378.0,33.0,10.0,7.0
66313.0,625.0,7.0,4.0
60714.0,216.0,162.0,5.0
77882.0,68.0,15.0,1.0
,196.0,54.0,1.0
63841.0,635.0,131.0,6.0
24480.0,4.0,17.0,7.0
51369.0,297.0,182.0,8.0
37760.0,,28.0,7.0
65640.0,204.0,66.0,2.0
44319.0,26.0,3.0,5.0
30631.0,15.0,20.0,7.0
75278.0,304.0,74.0,3.0
50898.0,285.0,135.0,5.0
79946.0,395.0,28.0,3.0
35416.0,248.0,51.0,8.0
32414.0,20.0,12.0,7.0
38361.0,39.0,14.0,7.0
82497.0,777.0,203.0,4.0
16626.0,8.0,13.0,
29672.0,9.0,8.0,6.0
55951.0,1241.0,40.0,8.0
35388.0,6.0,8.0,7.0
42386.0,65.0,11.0,8.0
,395.0,38.0,1.0
57912.0,801.0,35.0,5.0
35246.0,36.0,10.0,5.0
58821.0,513.0,28.0,
46377.0,37.0,0.0,4.0
39747.0,80.0,52.0,8.0
23976.0,14.0,25.0,7.0
80950.0,525.0,63.0,2.0
,1.0,15.0,9.0
77457.0,675.0,11.0,1.0
,509.0,10.0,7.0
42670.0,154.0,15.0,4.0
12571.0,3.0,17.0,6.0
22574.0,25.0,2.0,7.0
,861.0,61.0,
70893.0,768.0,14.0,
54198.0,185.0,17.0,4.0
28839.0,24.0,1.0,
40321.0,44.0,27.0,7.0
66503.0,91.0,50.0,3.0
30833.0,11.0,6.0,5.0
,738.0,20.0,7.0
64795.0,412.0,77.0,2.0
34421.0,3.0,9.0,7.0
47025.0,16.0,1.0,7.0
64325.0,731.0,73.0,7.0
,424.0,41.0,8.0
62187.0,792.0,126.0,3.0
14849.0,21.0,9.0,
27255.0,22.0,2.0,7.0
54432.0,33.0,0.0,4.0
29999.0,68.0,11.0,8.0
24072.0,9.0,4.0,8.0
33996.0,40.0,6.0,4.0
66334.0,909.0,23.0,5.0
35178.0,23.0,18.0,7.0
22010.0,11.0,8.0,8.0
62204.0,317.0,139.0,3.0
75693.0,797.0,30.0,
,10.0,21.0,8.0
83003.0,856.0,122.0,3.0
83532.0,755.0,,1.0
68655.0,456.0,38.0,
,37.0,18.0,6.0
,1103.0,34.0,8.0
59292.0,378.0,14.0,3.0
27190.0,,3.0,8.0
82623.0,204.0,173.0,1.0
44300.0,30.0,3.0,6.0
84835.0,189.0,218.0,
30372.0,15.0,7.0,7.0
33181.0,9.0,4.0,6.0
71113.0,495.0,8.0,4.0
71952.0,656.0,93.0,4.0
69759.0,452.0,0.0,3.0
72099.0,546.0,22.0,1.0
60000.0,,12.0,
38643.0,22.0,10.0,7.0
50737.0,78.0,10.0,6.0
68462.0,561.0,48.0,1.0
65073.0,629.0,8.0,2.0
46681.0,269.0,38.0,5.0
,736.0,61.0,
,512.0,41.0,4.0
,19.0,6.0,4.0
37717.0,9.0,5.0,
51479.0,247.0,65.0,7.0
54803.0,404.0,142.0,4.0
79530.0,333.0,29.0,2.0
31615.0,,9.0,7.0
72025.0,833.0,233.0,
52614.0,789.0,38.0,
35684.0,10.0,3.0,6.0
48178.0,159.0,38.0,8.0
29548.0,7.0,11.0,4.0
63810.0,,101.0,8.0
38578.0,38.0,3.0,8.0
46098.0,57.0,36.0,8.0
22585.0,3.0,39.0,9.0
30279.0,10.0,1.0,8.0
66426.0,1043.0,157.0,6.0
30822.0,3.0,12.0,7.0
33581.0,11.0,1.0,8.0
19986.0,3.0,6.0,7.0
27421.0,43.0,55.0,
35688.0,73.0,32.0,8.0
36143.0,12.0,6.0,
10245.0,4.0,13.0,5.0
43795.0,314.0,107.0,7.0
63381.0,571.0,159.0,2.0
38823.0,70.0,23.0,6.0
83664.0,866.0,86.0,5.0
90300.0,594.0,57.0,1.0
62499.0,140.0,4.0,4.0
74293.0,,81.0,
51012.0,102.0,24.0,6.0
70777.0,554.0,78.0,3.0
68682.0,919.0,45.0,2.0
43824.0,96.0,32.0,8.0
15345.0,5.0,19.0,8.0
23442.0,2.0,5.0,7.0
,6.0,35.0,7.0
31395.0,23.0,7.0,
75276.0,610.0,21.0,5.0
42373.0,67.0,19.0,5.0
30507.0,65.0,110.0,7.0
55521.0,416.0,4.0,7.0
48006.0,23.0,2.0,6.0
27213.0,19.0,3.0,8.0
65808.0,155.0,10.0,6.0
30351.0,14.0,2.0,9.0
50437.0,370.0,4.0,
23616.0,4.0,32.0,8.0
53858.0,407.0,26.0,4.0
66465.0,1200.0,14.0,6.0
46923.0,85.0,6.0,7.0
75072.0,583.0,125.0,3.0
,483.0,12.0,1.0
19789.0,2.0,28.0,5.0
80134.0,966.0,26.0,
91065.0,822.0,114.0,3.0
49505.0,604.0,28.0,8.0
37401.0,19.0,3.0,7.0
30096.0,5.0,9.0,6.0
18492.0,2.0,1.0,8.0
82584.0,1076.0,68.0,1.0
93027.0,1285.0,21.0,2.0
48686.0,10.0,1.0,8.0
,551.0,33.0,1.0
,800.0,57.0,6.0
10404.0,2.0,12.0,5.0
61314.0,378.0,172.0,3.0
84865.0,1248.0,16.0,4.0
42387.0,235.0,191.0,8.0
,515.0,95.0,7.0
75236.0,438.0,114.0,4.0
30015.0,25.0,5.0,5.0
50943.0,31.0,6.0,5.0
67272.0,357.0,14.0,5.0
,400.0,22.0,8.0
32011.0,,5.0,7.0
7500.0,1.0,9.0,8.0
28691.0,5.0,4.0,8.0
56223.0,77.0,4.0,4.0
18100.0,3.0,1.0,5.0
30279.0,10.0,1.0,8.0
20130.0,0.0,12.0,8.0
23295.0,0.0,5.0,8.0
42618.0,76.0,10.0,8.0
81246.0,398.0,37.0,1.0
,14.0,5.0,8.0
55707.0,208.0,35.0,3.0
57959.0,430.0,33.0,3.0
56796.0,656.0,37.0,7.0
36230.0,14.0,3.0,5.0
70829.0,141.0,23.0,3.0
65991.0,507.0,9.0,7.0
38988.0,164.0,42.0,8.0
,606.0,64.0,4.0
42207.0,116.0,46.0,6.0
50300.0,143.0,5.0,2.0
66664.0,398.0,32.0,3.0
60597.0,522.0,66.0,7.0
70165.0,161.0,122.0,1.0
50520.0,,14.0,6.0
80124.0,483.0,241.0,1.0
33183.0,7.0,37.0,7.0
66582.0,789.0,0.0,1.0
,1239.0,17.0,2.0
31880.0,,3.0,8.0
53790.0,335.0,5.0,6.0
49269.0,639.0,,7.0
61456.0,,,4.0
37406.0,2.0,3.0,8.0
56937.0,746.0,8.0,6.0
38415.0,22.0,4.0,7.0
20518.0,,9.0,5.0
62503.0,478.0,117.0,5.0
41644.0,20.0,2.0,3.0
,451.0,24.0,5.0
62010.0,,92.0,5.0
41124.0,281.0,119.0,8.0
38961.0,19.0,24.0,7.0
37760.0,26.0,0.0,6.0
32233.0,138.0,72.0,9.0
43057.0,213.0,5.0,5.0
83151.0,407.0,18.0,3.0
78825.0,483.0,18.0,3.0
65104.0,738.0,50.0,7.0
60093.0,502.0,90.0,6.0
14045.0,11.0,1.0,
28457.0,24.0,14.0,8.0
78952.0,1170.0,134.0,6.0
46310.0,185.0,14.0,8.0
,983.0,40.0,6.0
58308.0,691.0,130.0,8.0
55614.0,504.0,26.0,7.0
,317.0,12.0,5.0
55563.0,,2.0,3.0
78642.0,1396.0,17.0,6.0
67911.0,529.0,0.0,3.0
65275.0,388.0,,2.0
27203.0,,24.0,8.0
48330.0,28.0,0.0,5.0
24279.0,,108.0,8.0
64355.0,1047.0,153.0,8.0
50943.0,31.0,6.0,5.0
53653.0,815.0,108.0,6.0
65665.0,225.0,29.0,3.0
81217.0,493.0,84.0,1.0
34935.0,34.0,20.0,7.0
61250.0,382.0,59.0,5.0
39665.0,127.0,31.0,
60152.0,,91.0,3.0
48920.0,238.0,6.0,7.0
,,55.0,1.0
44124.0,,52.0,8.0
81169.0,1288.0,27.0,2.0
,65.0,20.0,8.0
26095.0,11.0,11.0,7.0
71367.0,227.0,75.0,2.0
80184.0,1035.0,0.0,3.0
30630.0,27.0,10.0,7.0
73454.0,982.0,175.0,5.0
42691.0,179.0,58.0,5.0
70503.0,,66.0,6.0
25545.0,32.0,85.0,6.0
32880.0,8.0,2.0,8.0
77863.0,881.0,12.0,2.0
50353.0,141.0,35.0,3.0
61839.0,1000.0,120.0,8.0
49154.0,206.0,71.0,6.0
47682.0,162.0,61.0,5.0
72679.0,,54.0,1.0
57954.0,456.0,9.0,7.0
65316.0,112.0,38.0,
28567.0,11.0,6.0,6.0
47352.0,172.0,15.0,7.0
44931.0,,7.0,
76982.0,464.0,30.0,4.0
57247.0,99.0,6.0,2.0
22944.0,19.0,26.0,7.0
25315.0,,22.0,8.0
43638.0,63.0,19.0,7.0
42710.0,252.0,102.0,6.0
,1478.0,0.0,3.0
,198.0,54.0,3.0
24683.0,8.0,6.0,5.0
85620.0,416.0,46.0,1.0
47850.0,42.0,10.0,6.0
19514.0,14.0,28.0,8.0
27159.0,17.0,1.0,6.0
39548.0,15.0,18.0,3.0
21474.0,6.0,34.0,7.0
60504.0,458.0,34.0,6.0
22419.0,30.0,42.0,8.0
81698.0,179.0,47.0,1.0
43462.0,90.0,15.0,8.0
54880.0,308.0,118.0,5.0
,557.0,111.0,2.0
15315.0,7.0,17.0,5.0
,1492.0,33.0,6.0
33039.0,30.0,12.0,5.0
81741.0,249.0,38.0,2.0
71499.0,465.0,37.0,4.0
62466.0,129.0,83.0,4.0
48799.0,174.0,24.0,3.0
52157.0,189.0,40.0,4.0
,747.0,42.0,8.0
,6.0,1.0,5.0
47691.0,14.0,4.0,6.0
38200.0,12.0,1.0,7.0
44989.0,,106.0,
38443.0,32.0,1.0,7.0
38593.0,51.0,24.0,
64413.0,200.0,20.0,
,25.0,0.0,8.0
,1050.0,24.0,5.0
51287.0,117.0,30.0,7.0
,9.0,7.0,8.0
47472.0,56.0,8.0,5.0
,145.0,4.0,
,203.0,2.0,6.0
40689.0,,99.0,8.0
,9.0,10.0,8.0
27450.0,37.0,52.0,7.0
,46.0,2.0,6.0
26850.0,31.0,9.0,4.0
79800.0,1060.0,224.0,3.0
61794.0,264.0,11.0,2.0
53863.0,399.0,30.0,7.0
24221.0,8.0,22.0,4.0
39684.0,19.0,17.0,7.0
92163.0,817.0,20.0,2.0
69882.0,292.0,165.0,1.0
33178.0,12.0,16.0,4.0
59973.0,130.0,0.0,1.0
,6.0,30.0,7.0
23910.0,16.0,13.0,7.0
42169.0,19.0,2.0,8.0
26224.0,4.0,15.0,
31089.0,31.0,4.0,8.0
30081.0,36.0,4.0,7.0
62807.0,526.0,99.0,5.0
,400.0,54.0,1.0
61467.0,,49.0,5.0
,80.0,14.0,7.0
21888.0,88.0,64.0,10.0
42429.0,55.0,4.0,5.0
26150.0,,1.0,7.0
30801.0,8.0,11.0,7.0
81168.0,410.0,22.0,
26877.0,,40.0,6.0
45006.0,162.0,10.0,3.0
18978.0,2.0,15.0,8.0
22574.0,25.0,2.0,
,,41.0,5.0
45837.0,215.0,24.0,7.0
35791.0,27.0,3.0,8.0
162397.0,85.0,2.0,1.0
54162.0,5.0,10.0,
30522.0,179.0,26.0,2.0
54456.0,352.0,15.0,6.0
31632.0,17.0,32.0,7.0
72298.0,625.0,35.0,1.0
36975.0,10.0,2.0,7.0
72635.0,390.0,107.0,3.0
13624.0,10.0,6.0,6.0
84196.0,215.0,190.0,3.0
70971.0,1001.0,17.0,7.0
34487.0,19.0,8.0,9.0
28769.0,,3.0,9.0
69084.0,1181.0,30.0,
65488.0,603.0,54.0,1.0
62466.0,129.0,83.0,4.0
32218.0,10.0,30.0,7.0
83917.0,514.0,79.0,3.0
46102.0,14.0,1.0,7.0
84574.0,,163.0,5.0
56181.0,121.0,48.0,4.0
63120.0,965.0,69.0,7.0
73691.0,707.0,73.0,2.0
63381.0,571.0,159.0,2.0
76140.0,586.0,26.0,2.0
62859.0,1063.0,25.0,6.0
45906.0,305.0,144.0,5.0
77632.0,1200.0,147.0,2.0
46463.0,163.0,11.0,6.0
105471.0,1009.0,207.0,3.0
,125.0,19.0,4.0
78710.0,721.0,50.0,4.0
66886.0,315.0,146.0,5.0
98777.0,1000.0,38.0,1.0
29103.0,16.0,6.0,9.0
67445.0,757.0,11.0,6.0
50616.0,30.0,9.0,2.0
49431.0,219.0,17.0,8.0
153924.0,1.0,1.0,0.0
61278.0,,15.0,6.0
26490.0,45.0,25.0,6.0
73059.0,410.0,71.0,
46734.0,,76.0,6.0
56253.0,509.0,5.0,6.0
19986.0,3.0,6.0,7.0
58330.0,445.0,151.0,
25965.0,2.0,11.0,8.0
14661.0,4.0,2.0,6.0
18690.0,6.0,19.0,8.0
45068.0,14.0,3.0,7.0
21063.0,1.0,15.0,6.0
,26.0,2.0,8.0
54690.0,111.0,18.0,3.0
59304.0,418.0,10.0,5.0
59247.0,327.0,83.0,6.0
66731.0,371.0,141.0,3.0
77353.0,275.0,59.0,4.0
52614.0,789.0,38.0,8.0
26751.0,1.0,1.0,8.0
81300.0,1004.0,36.0,5.0
70337.0,187.0,91.0,1.0
36145.0,56.0,18.0,9.0
65295.0,365.0,6.0,2.0
68118.0,595.0,154.0,6.0
68743.0,1132.0,115.0,7.0
41039.0,34.0,45.0,8.0
38946.0,116.0,41.0,5.0
65777.0,565.0,54.0,1.0
66476.0,372.0,78.0,4.0
86857.0,899.0,40.0,2.0
160803.0,55.0,4.0,
,760.0,26.0,1.0
69476.0,260.0,67.0,2.0
50611.0,459.0,4.0,6.0
61209.0,466.0,99.0,2.0
42315.0,67.0,80.0,3.0
13084.0,2.0,10.0,6.0
47570.0,67.0,31.0,7.0
61923.0,92.0,6.0,3.0
34824.0,4.0,4.0,6.0
26518.0,,2.0,8.0
45938.0,273.0,29.0,6.0
78468.0,434.0,34.0,4.0
78901.0,321.0,34.0,4.0
71427.0,,23.0,4.0
71022.0,909.0,242.0,8.0
90247.0,,16.0,1.0
41335.0,112.0,5.0,7.0
71952.0,656.0,93.0,4.0
35682.0,23.0,18.0,2.0
,537.0,30.0,8.0
66375.0,712.0,191.0,7.0
35178.0,23.0,18.0,
25252.0,1.0,6.0,8.0
55250.0,664.0,66.0,5.0
,6.0,42.0,6.0
58398.0,299.0,49.0,4.0
50272.0,99.0,4.0,7.0
76618.0,749.0,147.0,1.0
87305.0,345.0,80.0,2.0
25851.0,9.0,5.0,7.0
58710.0,440.0,174.0,6.0
45160.0,8.0,3.0,7.0
,670.0,9.0,4.0
59111.0,524.0,155.0,7.0
18988.0,6.0,1.0,7.0
72190.0,597.0,249.0,3.0
7500.0,7.0,32.0,9.0
44794.0,54.0,4.0,6.0
80395.0,445.0,48.0,2.0
75012.0,294.0,151.0,1.0
56962.0,,26.0,7.0
89891.0,,183.0,4.0
35946.0,8.0,0.0,5.0
53593.0,349.0,43.0,8.0
66373.0,328.0,109.0,3.0
45072.0,144.0,30.0,8.0
89694.0,1126.0,42.0,5.0
72025.0,967.0,0.0,2.0
67432.0,432.0,170.0,4.0
70545.0,138.0,21.0,2.0
17487.0,0.0,6.0,7.0
62882.0,,97.0,4.0
64108.0,948.0,21.0,5.0
34941.0,39.0,24.0,8.0
48767.0,28.0,10.0,5.0
38702.0,13.0,40.0,6.0
82224.0,307.0,40.0,3.0
83844.0,,191.0,1.0
,2.0,7.0,5.0
,283.0,44.0,1.0
33697.0,,11.0,
63564.0,769.0,65.0,6.0
83443.0,518.0,84.0,2.0
51518.0,350.0,4.0,3.0
58330.0,445.0,151.0,4.0
80952.0,778.0,44.0,8.0
,709.0,80.0,3.0
63855.0,359.0,89.0,4.0
,799.0,12.0,6.0
58512.0,895.0,152.0,8.0
40662.0,40.0,23.0,4.0
38829.0,76.0,16.0,5.0
35523.0,11.0,11.0,7.0
79146.0,245.0,16.0,6.0
78285.0,,40.0,3.0
31626.0,39.0,34.0,7.0
75127.0,203.0,227.0,1.0
48726.0,138.0,59.0,6.0
74985.0,587.0,86.0,2.0
67430.0,,121.0,6.0
46891.0,,61.0,4.0
62058.0,301.0,58.0,6.0
72063.0,180.0,90.0,
78939.0,794.0,205.0,3.0
42720.0,392.0,112.0,
33622.0,,12.0,7.0
6835.0,,12.0,20.0
41452.0,13.0,0.0,7.0
40760.0,,,6.0
74250.0,680.0,0.0,1.0
51124.0,26.0,4.0,3.0
72258.0,522.0,134.0,2.0
71466.0,412.0,0.0,1.0
36283.0,6.0,5.0,4.0
20587.0,2.0,9.0,7.0
30467.0,1.0,5.0,7.0
31590.0,6.0,3.0,8.0
20425.0,4.0,17.0,7.0
17144.0,18.0,6.0,7.0
42564.0,324.0,198.0,7.0
,,139.0,7.0
40780.0,229.0,34.0,9.0
62847.0,521.0,61.0,2.0
,184.0,23.0,2.0
16813.0,4.0,13.0,7.0
51267.0,183.0,12.0,4.0
46524.0,31.0,52.0,3.0
45183.0,219.0,12.0,7.0
70421.0,479.0,35.0,6.0
60161.0,,177.0,8.0
73926.0,627.0,15.0,3.0
,24.0,5.0,8.0
61872.0,330.0,16.0,4.0
46984.0,19.0,8.0,5.0
34838.0,28.0,47.0,6.0
82716.0,606.0,22.0,2.0
48192.0,1039.0,29.0,8.0
,411.0,21.0,7.0
56850.0,34.0,0.0,2.0
55267.0,161.0,45.0,3.0
59666.0,623.0,133.0,8.0
72504.0,604.0,94.0,2.0
26872.0,3.0,32.0,6.0
21359.0,12.0,10.0,8.0
73170.0,184.0,32.0,2.0
52750.0,393.0,69.0,4.0
,410.0,30.0,1.0
65968.0,376.0,4.0,3.0
30772.0,7.0,4.0,6.0
22507.0,68.0,68.0,9.0
65685.0,642.0,57.0,5.0
25804.0,8.0,12.0,8.0
76412.0,840.0,17.0,3.0
22063.0,7.0,11.0,7.0
57091.0,464.0,37.0,5.0
,30.0,42.0,8.0
87771.0,1492.0,33.0,6.0
78353.0,752.0,34.0,8.0
93404.0,1279.0,15.0,5.0
37859.0,22.0,2.0,8.0
80995.0,860.0,56.0,4.0
16529.0,3.0,1.0,6.0
55412.0,10.0,8.0,5.0
48789.0,351.0,145.0,6.0
56575.0,421.0,10.0,5.0
25130.0,2.0,18.0,7.0
,25.0,1.0,
71391.0,336.0,141.0,3.0
49494.0,191.0,82.0,7.0
81702.0,563.0,187.0,
45889.0,31.0,8.0,
56628.0,479.0,171.0,5.0
34026.0,18.0,17.0,5.0
40049.0,91.0,28.0,5.0
34176.0,5.0,20.0,6.0
19419.0,2.0,7.0,9.0
82504.0,362.0,54.0,1.0
81205.0,724.0,130.0,2.0
61618.0,605.0,205.0,3.0
55284.0,547.0,63.0,5.0
49980.0,104.0,14.0,5.0
15072.0,,18.0,5.0
49166.0,224.0,110.0,6.0
65324.0,384.0,5.0,4.0
82347.0,556.0,63.0,3.0
30843.0,,9.0,
46374.0,408.0,17.0,8.0
60474.0,265.0,170.0,7.0
38576.0,34.0,0.0,7.0
55357.0,374.0,64.0,5.0
37758.0,,1.0,8.0
85710.0,600.0,33.0,2.0
23228.0,13.0,0.0,
44602.0,167.0,34.0,8.0
7500.0,0.0,5.0,6.0
38683.0,46.0,66.0,7.0
,88.0,93.0,7.0
57906.0,243.0,15.0,4.0
43456.0,275.0,7.0,5.0
19485.0,6.0,0.0,7.0
53172.0,121.0,125.0,3.0
30545.0,4.0,12.0,7.0
70123.0,1308.0,0.0,3.0
62450.0,515.0,38.0,3.0
21675.0,4.0,4.0,7.0
42395.0,48.0,25.0,7.0
61346.0,562.0,142.0,3.0
80812.0,769.0,33.0,2.0
42835.0,379.0,98.0,6.0
39922.0,29.0,36.0,8.0
86424.0,387.0,68.0,1.0
17117.0,,7.0,9.0
24762.0,6.0,40.0,8.0
35797.0,27.0,21.0,8.0
36627.0,9.0,1.0,5.0
51111.0,22.0,3.0,
86857.0,899.0,40.0,2.0
82072.0,889.0,129.0,1.0
46231.0,189.0,12.0,9.0
42243.0,48.0,5.0,7.0
51195.0,,58.0,8.0
68092.0,,48.0,5.0
31814.0,35.0,20.0,9.0
51390.0,205.0,56.0,5.0
76630.0,255.0,175.0,1.0
,0.0,2.0,7.0
48948.0,437.0,42.0,6.0
55260.0,825.0,242.0,6.0
64090.0,316.0,135.0,5.0
78331.0,756.0,61.0,4.0
37087.0,194.0,3.0,6.0
21846.0,7.0,26.0,8.0
81320.0,183.0,57.0,2.0
,171.0,20.0,6.0
66825.0,243.0,40.0,2.0
,181.0,96.0,3.0
58917.0,151.0,28.0,5.0
85072.0,494.0,241.0,0.0
,464.0,37.0,2.0
45684.0,5.0,7.0,7.0
47889.0,29.0,4.0,5.0
45921.0,102.0,12.0,4.0
78420.0,604.0,28.0,1.0
,571.0,24.0,2.0
52278.0,953.0,174.0,8.0
35641.0,63.0,28.0,7.0
95529.0,770.0,24.0,3.0
62820.0,398.0,53.0,1.0
73113.0,741.0,28.0,2.0
84169.0,1478.0,0.0,
42607.0,156.0,47.0,3.0
74637.0,960.0,16.0,3.0
46015.0,38.0,6.0,7.0
72354.0,,182.0,1.0
39858.0,15.0,26.0,6.0
34469.0,19.0,12.0,4.0
83033.0,812.0,33.0,5.0
24401.0,73.0,115.0,8.0
77583.0,,108.0,2.0
74116.0,871.0,166.0,2.0
74293.0,375.0,81.0,2.0
68397.0,760.0,80.0,3.0
79632.0,,12.0,2.0
46107.0,31.0,33.0,3.0
64950.0,819.0,63.0,7.0
25443.0,1.0,7.0,8.0
75127.0,203.0,227.0,1.0
32892.0,26.0,2.0,8.0
71796.0,354.0,32.0,4.0
67536.0,1253.0,35.0,8.0
55239.0,371.0,106.0,5.0
60554.0,588.0,15.0,6.0
64831.0,480.0,144.0,6.0
56067.0,517.0,120.0,5.0
,,98.0,1.0
,1111.0,172.0,
14906.0,7.0,15.0,7.0
,1166.0,36.0,8.0
57937.0,261.0,133.0,3.0
68274.0,135.0,46.0,
39771.0,6.0,14.0,4.0
67893.0,711.0,47.0,
27922.0,11.0,11.0,4.0
52190.0,42.0,18.0,
44051.0,79.0,18.0,6.0
42767.0,20.0,38.0,8.0
,30.0,14.0,6.0
16927.0,20.0,4.0,8.0
59754.0,115.0,139.0,
53700.0,263.0,83.0,5.0
59041.0,69.0,6.0,5.0
54237.0,,57.0,6.0
70647.0,561.0,114.0,2.0
52597.0,492.0,42.0,5.0
,14.0,12.0,6.0
,80.0,2.0,6.0
50183.0,97.0,15.0,5.0
54753.0,197.0,131.0,
92955.0,693.0,84.0,2.0
,43.0,12.0,7.0
34596.0,14.0,7.0,8.0
44010.0,186.0,48.0,9.0
84219.0,434.0,45.0,1.0
40706.0,59.0,5.0,7.0
15716.0,,26.0,8.0
59052.0,230.0,31.0,5.0
80573.0,829.0,15.0,2.0
83715.0,318.0,8.0,
82576.0,1206.0,18.0,1.0
56962.0,292.0,26.0,7.0
35704.0,30.0,30.0,4.0
53103.0,729.0,195.0,7.0
46779.0,12.0,7.0,4.0
4861.0,2.0,1.0,14.0
,22.0,11.0,7.0
63693.0,587.0,54.0,
80763.0,674.0,231.0,3.0
65352.0,284.0,23.0,4.0
82170.0,1023.0,37.0,2.0
75759.0,1394.0,182.0,5.0
79689.0,,121.0,2.0
35340.0,27.0,5.0,5.0
85683.0,1296.0,51.0,1.0
24884.0,3.0,3.0,7.0
42021.0,393.0,27.0,9.0
64449.0,218.0,70.0,4.0
64587.0,66.0,20.0,3.0
,4.0,4.0,6.0
75437.0,795.0,0.0,6.0
26091.0,15.0,20.0,5.0
52845.0,384.0,64.0,6.0
46086.0,244.0,50.0,4.0
78028.0,158.0,38.0,
95169.0,1285.0,20.0,1.0
56337.0,349.0,182.0,
22434.0,4.0,15.0,8.0
36930.0,223.0,39.0,8.0
36130.0,157.0,37.0,4.0
65569.0,397.0,70.0,3.0
83844.0,901.0,191.0,1.0
19514.0,14.0,28.0,8.0
36736.0,10.0,4.0,6.0
77568.0,1230.0,158.0,5.0
49187.0,,0.0,2.0
30168.0,154.0,27.0,
34053.0,63.0,12.0,8.0
38196.0,,3.0,5.0
59412.0,90.0,11.0,3.0
70924.0,,76.0,3.0
54165.0,127.0,11.0,2.0
32300.0,13.0,6.0,8.0
20180.0,18.0,18.0,7.0
34961.0,45.0,1.0,7.0
28440.0,38.0,0.0,8.0
64504.0,986.0,108.0,7.0
33564.0,61.0,7.0,5.0
17345.0,4.0,12.0,8.0
56320.0,201.0,83.0,4.0
28647.0,19.0,26.0,7.0
15038.0,,26.0,9.0
32173.0,18.0,2.0,4.0
68316.0,,33.0,6.0
74538.0,380.0,28.0,3.0
91700.0,576.0,19.0,3.0
68695.0,458.0,40.0,
31056.0,5.0,16.0,8.0
79593.0,350.0,145.0,2.0
28071.0,39.0,44.0,8.0
37334.0,26.0,15.0,4.0
46423.0,68.0,8.0,7.0
37126.0,45.0,7.0,6.0
47703.0,359.0,123.0,
61180.0,,218.0,3.0
,34.0,5.0,8.0
8028.0,73.0,2.0,19.0
76081.0,292.0,200.0,2.0
34728.0,14.0,6.0,6.0
33168.0,80.0,3.0,7.0
33585.0,30.0,29.0,4.0
77037.0,463.0,10.0,
35196.0,75.0,187.0,8.0
44529.0,538.0,26.0,5.0
70924.0,635.0,76.0,3.0
28764.0,8.0,1.0,8.0
69098.0,1315.0,178.0,5.0
25959.0,4.0,26.0,6.0
27100.0,12.0,10.0,7.0
70596.0,347.0,26.0,2.0
,192.0,15.0,8.0
53312.0,241.0,25.0,7.0
72228.0,631.0,56.0,3.0
67605.0,336.0,54.0,1.0
62845.0,1099.0,34.0,8.0
65196.0,743.0,200.0,5.0
42000.0,124.0,35.0,5.0
35860.0,,20.0,5.0
65526.0,397.0,9.0,2.0
16860.0,10.0,14.0,7.0
83528.0,530.0,147.0,1.0
64176.0,1215.0,149.0,6.0
22304.0,3.0,2.0,8.0
67023.0,444.0,17.0,2.0
32892.0,26.0,2.0,8.0
70713.0,736.0,190.0,
59925.0,473.0,56.0,6.0
39722.0,32.0,8.0,5.0
46610.0,288.0,125.0,
88347.0,1050.0,118.0,1.0
87171.0,,44.0,2.0
26907.0,9.0,2.0,7.0
50014.0,234.0,42.0,5.0
41014.0,7.0,3.0,7.0
66294.0,251.0,117.0,2.0
36715.0,172.0,16.0,9.0
,,99.0,3.0
40479.0,5.0,0.0,
75345.0,918.0,133.0,3.0
54233.0,652.0,142.0,8.0
24163.0,4.0,2.0,4.0
84460.0,152.0,81.0,5.0
43776.0,8.0,3.0,6.0
71691.0,336.0,43.0,2.0
85844.0,938.0,38.0,2.0
39190.0,68.0,12.0,5.0
71367.0,227.0,75.0,
38578.0,38.0,3.0,8.0
57236.0,,4.0,3.0
61825.0,162.0,27.0,4.0
,574.0,33.0,1.0
,160.0,41.0,1.0
27590.0,,1.0,7.0
56775.0,614.0,35.0,5.0
83829.0,897.0,27.0,1.0
54210.0,70.0,45.0,5.0
38508.0,120.0,54.0,8.0
53187.0,211.0,10.0,
30023.0,11.0,21.0,8.0
76045.0,760.0,0.0,2.0
50870.0,,2.0,
15315.0,7.0,17.0,5.0
65463.0,,16.0,5.0
66480.0,199.0,6.0,4.0
76773.0,,16.0,1.0
81698.0,,45.0,5.0
54466.0,12.0,0.0,5.0
98777.0,1000.0,38.0,1.0
16269.0,19.0,0.0,8.0
71819.0,1224.0,168.0,6.0
33569.0,16.0,24.0,8.0
36262.0,88.0,153.0,6.0
22634.0,2.0,46.0,8.0
47025.0,508.0,29.0,9.0
70566.0,381.0,21.0,3.0
31605.0,74.0,6.0,7.0
52034.0,146.0,,7.0
48526.0,23.0,9.0,3.0
46734.0,110.0,29.0,7.0
39552.0,165.0,41.0,8.0
86358.0,957.0,95.0,8.0
46931.0,41.0,16.0,3.0
16581.0,1.0,11.0,4.0
63998.0,176.0,112.0,4.0
67381.0,815.0,70.0,7.0
25930.0,,4.0,7.0
42693.0,8.0,16.0,5.0
85606.0,717.0,84.0,3.0
72903.0,1067.0,39.0,4.0
49669.0,166.0,29.0,6.0
36778.0,29.0,4.0,9.0
85696.0,714.0,12.0,1.0
10979.0,8.0,4.0,
49678.0,229.0,20.0,7.0
56129.0,320.0,48.0,4.0
37155.0,23.0,3.0,5.0
21282.0,1.0,20.0,6.0
33419.0,56.0,18.0,7.0
63285.0,508.0,134.0,3.0
21255.0,29.0,3.0,4.0
42162.0,46.0,27.0,
54450.0,454.0,32.0,8.0
57744.0,,19.0,
26576.0,10.0,9.0,9.0
57513.0,735.0,30.0,6.0
68142.0,897.0,37.0,6.0
7500.0,5.0,5.0,
83145.0,777.0,114.0,2.0
54197.0,162.0,13.0,1.0
23091.0,35.0,2.0,7.0
46049.0,342.0,19.0,7.0
56715.0,258.0,9.0,4.0
79410.0,658.0,13.0,1.0
57304.0,356.0,106.0,5.0
44375.0,213.0,41.0,5.0
54450.0,454.0,,8.0
59594.0,,9.0,
80685.0,241.0,54.0,2.0
40344.0,210.0,2.0,7.0
62710.0,441.0,11.0,4.0
48985.0,19.0,8.0,3.0
35322.0,28.0,13.0,8.0
77142.0,476.0,97.0,2.0
81657.0,364.0,50.0,1.0
14421.0,0.0,8.0,5.0
20130.0,0.0,12.0,8.0
74214.0,,33.0,5.0
66726.0,349.0,47.0,7.0
23724.0,,14.0,8.0
47353.0,184.0,4.0,5.0
33444.0,,2.0,8.0
,277.0,25.0,3.0
28510.0,44.0,19.0,5.0
90638.0,1156.0,96.0,1.0
48070.0,373.0,19.0,7.0
43140.0,134.0,11.0,6.0
54959.0,1148.0,24.0,7.0
15056.0,6.0,40.0,
26954.0,4.0,1.0,7.0
22327.0,5.0,5.0,5.0
44393.0,24.0,10.0,4.0
62000.0,899.0,20.0,4.0
31497.0,108.0,4.0,8.0
45894.0,27.0,13.0,5.0
78579.0,,99.0,3.0
67369.0,1298.0,42.0,
58401.0,10.0,29.0,
62307.0,87.0,10.0,5.0
43641.0,57.0,23.0,6.0
63841.0,635.0,131.0,6.0
46891.0,43.0,61.0,4.0
70091.0,,11.0,8.0
78075.0,572.0,80.0,1.0
59184.0,341.0,66.0,5.0
54809.0,63.0,22.0,4.0
58113.0,221.0,84.0,7.0
51412.0,140.0,14.0,
15287.0,1.0,13.0,7.0
66636.0,291.0,0.0,1.0
50965.0,544.0,29.0,8.0
84618.0,684.0,0.0,
18351.0,1.0,7.0,7.0
40451.0,35.0,10.0,5.0
,87.0,13.0,
42213.0,309.0,20.0,7.0
65748.0,172.0,34.0,1.0
77044.0,625.0,76.0,4.0
74918.0,972.0,59.0,3.0
56721.0,157.0,75.0,6.0
42160.0,48.0,20.0,6.0
61559.0,279.0,34.0,3.0
33629.0,132.0,4.0,9.0
68682.0,919.0,45.0,2.0
34377.0,62.0,26.0,7.0
8940.0,1.0,42.0,8.0
,2.0,9.0,8.0
77297.0,408.0,41.0,4.0
40211.0,51.0,25.0,8.0
33438.0,62.0,6.0,5.0
75032.0,952.0,12.0,
61284.0,618.0,45.0,6.0
,11.0,27.0,5.0
54730.0,,56.0,
,56.0,2.0,7.0
44421.0,110.0,7.0,8.0
38197.0,23.0,3.0,5.0
41986.0,27.0,12.0,4.0
28427.0,18.0,6.0,8.0
37395.0,18.0,11.0,6.0
64722.0,303.0,15.0,6.0
55249.0,97.0,11.0,3.0
84906.0,997.0,76.0,2.0
28691.0,5.0,4.0,8.0
44213.0,,7.0,6.0
25707.0,1.0,3.0,7.0
59062.0,,9.0,
76624.0,411.0,66.0,1.0
66000.0,244.0,45.0,1.0
27683.0,152.0,45.0,8.0
,1.0,1.0,20.0
7500.0,10.0,40.0,9.0
40521.0,,4.0,5.0
20427.0,5.0,1.0,8.0
65106.0,790.0,19.0,6.0
69969.0,882.0,44.0,3.0
67433.0,615.0,30.0,4.0
77766.0,1004.0,27.0,6.0
74716.0,133.0,71.0,4.0
68118.0,595.0,154.0,6.0
55158.0,293.0,23.0,7.0
62972.0,313.0,192.0,6.0
74190.0,151.0,64.0,2.0
39356.0,15.0,6.0,6.0
76653.0,736.0,126.0,2.0
35860.0,,20.0,5.0
90687.0,982.0,51.0,2.0
73450.0,,37.0,3.0
31454.0,28.0,9.0,8.0
47139.0,,23.0,
83829.0,897.0,27.0,1.0
53378.0,489.0,132.0,8.0
19656.0,25.0,32.0,7.0
45579.0,145.0,1.0,6.0
85485.0,630.0,54.0,2.0
55956.0,760.0,38.0,4.0
64191.0,420.0,15.0,3.0
38808.0,,30.0,8.0
57183.0,,70.0,8.0
23748.0,6.0,8.0,8.0
66303.0,1090.0,60.0,8.0
37368.0,3.0,10.0,6.0
40800.0,24.0,10.0,7.0
71847.0,737.0,210.0,
46149.0,254.0,27.0,5.0
78687.0,817.0,241.0,2.0
49118.0,,119.0,
37633.0,,1.0,9.0
39767.0,113.0,47.0,8.0
26997.0,7.0,144.0,7.0
33986.0,16.0,5.0,7.0
57091.0,462.0,4.0,7.0
46831.0,22.0,34.0,4.0
83151.0,968.0,210.0,2.0
,283.0,125.0,6.0
15759.0,1.0,3.0,7.0
22804.0,14.0,1.0,9.0
43050.0,30.0,8.0,5.0
42997.0,4.0,5.0,7.0
48918.0,52.0,1.0,4.0
60033.0,62.0,48.0,2.0
34043.0,20.0,10.0,9.0
57811.0,545.0,78.0,5.0
78569.0,,95.0,1.0
7500.0,6.0,25.0,
157733.0,39.0,8.0,1.0
94384.0,1111.0,172.0,2.0
23148.0,4.0,10.0,7.0
44267.0,183.0,49.0,9.0
71626.0,546.0,72.0,3.0
60894.0,606.0,54.0,7.0
50200.0,266.0,64.0,8.0
81051.0,1142.0,14.0,2.0
65169.0,1074.0,46.0,6.0
59868.0,,154.0,6.0
65695.0,371.0,6.0,4.0
64857.0,556.0,43.0,4.0
,202.0,14.0,
,209.0,37.0,
59060.0,35.0,12.0,4.0
27238.0,37.0,3.0,9.0
47009.0,171.0,90.0,4.0
46094.0,12.0,5.0,7.0
40321.0,44.0,27.0,7.0
37235.0,20.0,20.0,4.0
81843.0,779.0,138.0,3.0
46692.0,,88.0,6.0
77382.0,,134.0,1.0
37774.0,173.0,176.0,9.0
18393.0,7.0,4.0,
72828.0,1205.0,205.0,7.0
24711.0,10.0,7.0,7.0
,97.0,18.0,5.0
6560.0,67.0,262.0,17.0
71604.0,345.0,97.0,4.0
,6.0,46.0,7.0
48752.0,73.0,0.0,9.0
71434.0,711.0,168.0,4.0
90842.0,774.0,93.0,1.0
88097.0,163.0,75.0,9.0
51948.0,82.0,41.0,
71853.0,358.0,32.0,1.0
35876.0,66.0,14.0,6.0
40049.0,13.0,3.0,6.0
39660.0,139.0,36.0,
50127.0,,15.0,6.0
43263.0,262.0,102.0,5.0
62845.0,1099.0,34.0,
18929.0,32.0,18.0,6.0
24367.0,2.0,5.0,9.0
33249.0,6.0,42.0,6.0
26887.0,6.0,6.0,
50150.0,,11.0,5.0
62061.0,641.0,38.0,6.0
85696.0,714.0,12.0,1.0
76542.0,794.0,14.0,2.0
70515.0,420.0,140.0,2.0
18227.0,1.0,11.0,8.0
69139.0,86.0,6.0,4.0
,823.0,95.0,4.0
69627.0,231.0,53.0,5.0
38136.0,8.0,33.0,8.0
62159.0,182.0,29.0,4.0
80695.0,557.0,18.0,2.0
33316.0,79.0,12.0,6.0
58554.0,368.0,88.0,7.0
17256.0,6.0,22.0,8.0
53034.0,160.0,50.0,8.0
52203.0,488.0,28.0,6.0
59601.0,691.0,23.0,8.0
75154.0,543.0,82.0,3.0
47025.0,254.0,26.0,6.0
37971.0,5.0,7.0,8.0
41335.0,112.0,5.0,7.0
67267.0,134.0,30.0,2.0
57338.0,,17.0,5.0
50523.0,51.0,1.0,6.0
35791.0,27.0,3.0,8.0
50611.0,,4.0,6.0
56242.0,689.0,88.0,6.0
48904.0,283.0,27.0,8.0
56243.0,347.0,7.0,5.0
21355.0,5.0,31.0,6.0
57420.0,280.0,24.0,7.0
,187.0,14.0,5.0
46390.0,95.0,38.0,7.0
54342.0,84.0,28.0,6.0
,19.0,6.0,5.0
,5.0,4.0,7.0
20895.0,18.0,4.0,9.0
92344.0,992.0,119.0,1.0
,25.0,3.0,7.0
26907.0,9.0,2.0,7.0
44964.0,19.0,2.0,8.0
,709.0,80.0,3.0
53761.0,158.0,71.0,
22682.0,10.0,36.0,4.0
38887.0,25.0,3.0,7.0
41658.0,8.0,29.0,4.0
29791.0,14.0,0.0,5.0
63915.0,622.0,15.0,5.0
39996.0,11.0,1.0,6.0
,25.0,2.0,6.0
63841.0,635.0,131.0,6.0
51039.0,100.0,109.0,7.0
,201.0,35.0,6.0
65685.0,642.0,57.0,5.0
37716.0,97.0,41.0,7.0
36864.0,204.0,89.0,8.0
,513.0,14.0,8.0
36947.0,88.0,29.0,9.0
,172.0,15.0,7.0
67087.0,329.0,43.0,4.0
57045.0,296.0,17.0,3.0
36957.0,100.0,31.0,9.0
69389.0,422.0,15.0,4.0
80134.0,,80.0,6.0
43142.0,5.0,,7.0
80589.0,507.0,26.0,1.0
34412.0,52.0,55.0,9.0
57537.0,191.0,100.0,4.0
22634.0,2.0,46.0,8.0
51315.0,68.0,41.0,2.0
36026.0,20.0,17.0,6.0
24639.0,20.0,1.0,6.0
,7.0,0.0,6.0
65704.0,279.0,246.0,1.0
63810.0,977.0,101.0,8.0
54132.0,30.0,3.0,7.0
18690.0,6.0,19.0,8.0
28164.0,3.0,12.0,7.0
34596.0,14.0,7.0,8.0
43269.0,10.0,1.0,8.0
38741.0,7.0,13.0,
31907.0,33.0,74.0,7.0
27100.0,12.0,10.0,7.0
31163.0,2.0,10.0,6.0
92533.0,693.0,42.0,2.0
34853.0,9.0,2.0,6.0
70844.0,129.0,2.0,7.0
31086.0,,16.0,8.0
60544.0,201.0,35.0,6.0
20491.0,5.0,10.0,7.0
42523.0,14.0,35.0,
39922.0,29.0,36.0,8.0
33402.0,26.0,8.0,8.0
36408.0,9.0,3.0,6.0
21645.0,14.0,19.0,
78427.0,972.0,138.0,3.0
,966.0,126.0,
51876.0,99.0,6.0,1.0
78041.0,482.0,17.0,2.0
52852.0,,47.0,8.0
70038.0,587.0,130.0,2.0
69401.0,399.0,39.0,2.0
46053.0,56.0,25.0,5.0
,227.0,31.0,1.0
73892.0,703.0,43.0,1.0
40304.0,37.0,3.0,7.0
32727.0,167.0,70.0,8.0
68695.0,458.0,40.0,2.0
43300.0,,31.0,8.0
26290.0,15.0,22.0,6.0
93790.0,1302.0,45.0,2.0
38410.0,153.0,14.0,6.0
64866.0,508.0,10.0,5.0
57957.0,290.0,29.0,
46015.0,38.0,6.0,7.0
16531.0,2.0,11.0,7.0
28072.0,30.0,5.0,7.0
49476.0,386.0,196.0,2.0
50725.0,443.0,48.0,8.0
83844.0,901.0,191.0,1.0
41145.0,9.0,1.0,3.0
67419.0,846.0,42.0,5.0
23162.0,8.0,22.0,6.0
34380.0,72.0,24.0,8.0
34704.0,,5.0,5.0
94871.0,169.0,144.0,7.0
65148.0,460.0,153.0,4.0
39898.0,69.0,12.0,7.0
64857.0,556.0,43.0,4.0
59892.0,73.0,0.0,3.0
41020.0,112.0,36.0,3.0
57072.0,944.0,30.0,5.0
60474.0,265.0,170.0,7.0
62807.0,526.0,99.0,5.0
19414.0,2.0,7.0,8.0
19107.0,2.0,16.0,7.0
,378.0,34.0,4.0
70379.0,553.0,8.0,4.0
,751.0,31.0,
64014.0,,8.0,7.0
76998.0,1449.0,107.0,6.0
49854.0,123.0,30.0,6.0
60585.0,267.0,21.0,5.0
42873.0,209.0,15.0,8.0
87679.0,1259.0,33.0,4.0
57867.0,344.0,17.0,6.0
35765.0,,15.0,6.0
65492.0,247.0,47.0,2.0
32952.0,38.0,1.0,7.0
53374.0,896.0,34.0,9.0
71706.0,931.0,14.0,5.0
68487.0,758.0,89.0,4.0
53253.0,216.0,125.0,5.0
31163.0,2.0,10.0,6.0
42014.0,244.0,50.0,8.0
54108.0,539.0,97.0,8.0
49667.0,1181.0,39.0,8.0
63206.0,,26.0,2.0
57136.0,306.0,92.0,
46772.0,350.0,57.0,8.0
78931.0,331.0,35.0,1.0
53977.0,620.0,82.0,5.0
84219.0,434.0,45.0,
46098.0,57.0,36.0,8.0
73538.0,811.0,107.0,7.0
79529.0,423.0,,2.0
20981.0,2.0,30.0,8.0
51766.0,60.0,51.0,5.0
55759.0,675.0,77.0,8.0
33039.0,30.0,12.0,5.0
37787.0,40.0,18.0,8.0
27242.0,3.0,39.0,9.0
87188.0,910.0,55.0,3.0
69930.0,252.0,196.0,3.0
37697.0,,8.0,6.0
37401.0,19.0,3.0,7.0
3502.0,2.0,1.0,14.0
58597.0,490.0,21.0,7.0
82032.0,332.0,57.0,1.0
28087.0,53.0,21.0,7.0
,784.0,48.0,3.0
19740.0,7.0,20.0,5.0
57036.0,1171.0,47.0,9.0
53083.0,215.0,13.0,7.0
69283.0,674.0,8.0,5.0
46098.0,,36.0,8.0
23331.0,5.0,45.0,8.0
23331.0,104.0,5.0,
,9.0,4.0,8.0
67786.0,431.0,102.0,
71969.0,1000.0,10.0,8.0
59235.0,448.0,91.0,7.0
31928.0,,5.0,7.0
74881.0,505.0,54.0,5.0
65819.0,267.0,63.0,3.0
51411.0,14.0,1.0,5.0
51983.0,631.0,30.0,7.0
42386.0,65.0,11.0,8.0
30390.0,10.0,20.0,6.0
30983.0,51.0,49.0,8.0
66033.0,293.0,65.0,7.0
37284.0,11.0,6.0,6.0
57530.0,50.0,1.0,1.0
76800.0,,81.0,1.0
63943.0,423.0,21.0,5.0
76081.0,292.0,200.0,2.0
67445.0,757.0,11.0,6.0
37054.0,12.0,5.0,7.0
47175.0,167.0,19.0,8.0
31859.0,3.0,5.0,
27215.0,30.0,28.0,6.0
70179.0,,133.0,5.0
39922.0,29.0,36.0,8.0
49681.0,,21.0,7.0
,5.0,0.0,8.0
79865.0,71.0,38.0,1.0
44322.0,46.0,3.0,8.0
47958.0,268.0,22.0,5.0
63972.0,928.0,12.0,4.0
75315.0,459.0,31.0,2.0
55517.0,483.0,36.0,9.0
75283.0,733.0,66.0,
82800.0,1006.0,45.0,3.0
38998.0,34.0,5.0,
90638.0,1156.0,96.0,1.0
,7.0,11.0,
,244.0,50.0,8.0
38201.0,233.0,12.0,8.0
45203.0,,24.0,6.0
81574.0,1252.0,0.0,1.0
34935.0,34.0,20.0,7.0
60482.0,255.0,24.0,7.0
34633.0,8.0,1.0,6.0
78093.0,368.0,10.0,1.0
82460.0,255.0,15.0,1.0
45903.0,33.0,3.0,4.0
81361.0,163.0,76.0,1.0
35860.0,15.0,20.0,
,45.0,13.0,7.0
61482.0,48.0,43.0,
,158.0,2.0,7.0
75794.0,754.0,48.0,3.0
31497.0,108.0,4.0,8.0
,199.0,41.0,2.0
13724.0,2.0,27.0,9.0
45143.0,202.0,14.0,7.0
,85.0,7.0,
48432.0,322.0,42.0,
17144.0,18.0,6.0,7.0
36108.0,141.0,47.0,9.0
76445.0,739.0,35.0,6.0
36663.0,18.0,5.0,2.0
53843.0,378.0,73.0,
90226.0,1083.0,108.0,2.0
70638.0,1016.0,63.0,3.0
44512.0,23.0,2.0,4.0
27116.0,12.0,3.0,7.0
54072.0,35.0,0.0,8.0
71855.0,548.0,28.0,3.0
51250.0,342.0,40.0,9.0
60432.0,365.0,11.0,6.0
65526.0,397.0,9.0,2.0
68655.0,,38.0,3.0
12393.0,5.0,13.0,9.0
64509.0,836.0,77.0,4.0
33955.0,,10.0,8.0
31353.0,10.0,7.0,8.0
55434.0,238.0,76.0,4.0
28359.0,6.0,2.0,7.0
57100.0,158.0,17.0,3.0
69139.0,86.0,6.0,4.0
52973.0,856.0,199.0,8.0
51717.0,98.0,5.0,
18793.0,4.0,20.0,8.0
66664.0,398.0,32.0,3.0
50664.0,313.0,126.0,9.0
54414.0,109.0,18.0,4.0
54549.0,216.0,9.0,7.0
47111.0,595.0,41.0,9.0
41003.0,123.0,88.0,6.0
19444.0,16.0,10.0,7.0
36301.0,11.0,12.0,7.0
73059.0,410.0,71.0,
42731.0,159.0,24.0,5.0
,105.0,0.0,5.0
22775.0,5.0,1.0,8.0
46681.0,269.0,38.0,5.0
59821.0,629.0,35.0,8.0
50002.0,443.0,82.0,7.0
69755.0,217.0,93.0,1.0
44078.0,,4.0,5.0
30560.0,9.0,7.0,7.0
35924.0,8.0,7.0,5.0
64140.0,1459.0,215.0,5.0
56386.0,230.0,75.0,9.0
24594.0,1.0,9.0,5.0
75774.0,340.0,56.0,4.0
39228.0,7.0,3.0,4.0
58494.0,298.0,19.0,6.0
58684.0,479.0,85.0,2.0
57136.0,267.0,127.0,6.0
56551.0,67.0,16.0,4.0
22448.0,3.0,18.0,3.0
,980.0,31.0,6.0
,50.0,26.0,9.0
157146.0,1.0,1.0,1.0
25358.0,19.0,8.0,6.0
35544.0,30.0,4.0,7.0
36634.0,213.0,30.0,7.0
62670.0,539.0,38.0,3.0
50334.0,284.0,134.0,6.0
72066.0,1003.0,34.0,2.0
50729.0,239.0,52.0,6.0
34916.0,51.0,42.0,9.0
64892.0,527.0,65.0,4.0
43602.0,19.0,19.0,6.0
33996.0,40.0,6.0,4.0
41473.0,,9.0,7.0
63246.0,,7.0,
36732.0,21.0,7.0,2.0
69084.0,1181.0,30.0,8.0
77766.0,1004.0,27.0,6.0
37929.0,202.0,10.0,7.0
86610.0,446.0,53.0,
80141.0,1184.0,40.0,6.0
72635.0,390.0,107.0,3.0
,726.0,161.0,5.0
20193.0,8.0,9.0,4.0
27573.0,50.0,15.0,8.0
,1.0,10.0,8.0
49544.0,308.0,23.0,7.0
33228.0,22.0,5.0,7.0
,690.0,88.0,3.0
38232.0,,33.0,5.0
22554.0,27.0,4.0,5.0
23536.0,6.0,1.0,3.0
49413.0,205.0,46.0,5.0
42231.0,24.0,4.0,5.0
78789.0,,83.0,2.0
56534.0,691.0,46.0,8.0
58350.0,493.0,80.0,6.0
81217.0,493.0,84.0,1.0
49090.0,494.0,100.0,7.0
61787.0,621.0,85.0,5.0
18169.0,9.0,7.0,8.0
24336.0,1.0,12.0,7.0
,12.0,14.0,8.0
62335.0,243.0,26.0,2.0
42033.0,11.0,7.0,7.0
86580.0,532.0,20.0,1.0
41437.0,29.0,1.0,7.0
73705.0,612.0,107.0,5.0
,387.0,180.0,6.0
38452.0,56.0,2.0,7.0
18358.0,6.0,4.0,7.0
55012.0,582.0,13.0,5.0
9722.0,6.0,42.0,8.0
38175.0,70.0,3.0,7.0
58656.0,962.0,12.0,6.0
52117.0,112.0,20.0,7.0
64813.0,293.0,52.0,5.0
54222.0,199.0,7.0,3.0
83512.0,,101.0,1.0
77520.0,,58.0,4.0
41154.0,44.0,7.0,5.0
80398.0,342.0,26.0,3.0
18746.0,2.0,20.0,6.0
35196.0,,187.0,8.0
60230.0,520.0,40.0,5.0
22108.0,5.0,6.0,7.0
44392.0,87.0,29.0,7.0
55424.0,462.0,107.0,6.0
17688.0,2.0,2.0,8.0
92491.0,979.0,22.0,
90273.0,704.0,111.0,2.0
82571.0,861.0,79.0,2.0
,172.0,18.0,8.0
16653.0,5.0,7.0,
42586.0,194.0,0.0,8.0
,9.0,20.0,6.0
74881.0,505.0,54.0,5.0
71107.0,533.0,195.0,4.0
46910.0,48.0,6.0,
18690.0,6.0,19.0,8.0
37244.0,18.0,25.0,7.0
82427.0,482.0,107.0,1.0
75342.0,204.0,26.0,4.0
70044.0,1073.0,14.0,
79146.0,245.0,16.0,6.0
77437.0,560.0,29.0,1.0
54984.0,173.0,6.0,7.0
42403.0,22.0,3.0,8.0
55761.0,136.0,32.0,6.0
37292.0,275.0,66.0,8.0
45576.0,56.0,25.0,
70321.0,303.0,191.0,4.0
58086.0,708.0,15.0,8.0
81795.0,324.0,88.0,2.0
28389.0,1.0,8.0,
66835.0,620.0,141.0,2.0
69901.0,312.0,149.0,
80360.0,1493.0,43.0,2.0
63342.0,918.0,21.0,6.0
44989.0,98.0,106.0,6.0
31859.0,3.0,11.0,7.0
51569.0,380.0,34.0,8.0
30372.0,15.0,7.0,7.0
16014.0,3.0,7.0,3.0
41120.0,24.0,24.0,6.0
39763.0,80.0,16.0,9.0
38725.0,,5.0,
77981.0,138.0,60.0,5.0
,,59.0,4.0
13533.0,,17.0,7.0
59481.0,178.0,58.0,2.0
72117.0,707.0,50.0,
21955.0,5.0,11.0,6.0
67131.0,465.0,62.0,6.0
36802.0,16.0,1.0,5.0
71853.0,358.0,32.0,1.0
28249.0,,10.0,6.0
47808.0,123.0,72.0,7.0
25509.0,40.0,11.0,9.0
51012.0,,24.0,6.0
70596.0,347.0,26.0,2.0
85431.0,376.0,53.0,0.0
42664.0,21.0,0.0,6.0
42586.0,194.0,0.0,8.0
29760.0,64.0,17.0,8.0
,206.0,12.0,
39435.0,,13.0,7.0
65370.0,71.0,29.0,1.0
20194.0,0.0,15.0,
42473.0,93.0,25.0,5.0
64590.0,920.0,30.0,6.0
71232.0,653.0,17.0,7.0
34600.0,199.0,15.0,8.0
46904.0,,31.0,8.0
49094.0,376.0,69.0,6.0
36075.0,46.0,30.0,6.0
,600.0,128.0,8.0
77298.0,425.0,79.0,3.0
34026.0,18.0,17.0,5.0
48918.0,52.0,1.0,4.0
82122.0,734.0,100.0,1.0
37697.0,34.0,8.0,6.0
34074.0,,67.0,6.0
28520.0,11.0,20.0,6.0
62535.0,163.0,52.0,3.0
36273.0,29.0,9.0,6.0
63404.0,734.0,17.0,4.0
75774.0,340.0,56.0,4.0
78416.0,453.0,183.0,3.0
75702.0,1073.0,37.0,
59385.0,135.0,36.0,5.0
37070.0,231.0,39.0,
44689.0,18.0,11.0,7.0
53977.0,620.0,82.0,5.0
,,291.0,0.0
18701.0,12.0,10.0,5.0
90369.0,292.0,17.0,1.0
63159.0,965.0,37.0,3.0
37758.0,27.0,1.0,8.0
46757.0,777.0,122.0,9.0
79734.0,572.0,17.0,1.0
63207.0,438.0,70.0,7.0
72071.0,,150.0,2.0
21840.0,17.0,1.0,9.0
58582.0,402.0,42.0,
72282.0,503.0,153.0,7.0
50387.0,369.0,34.0,
,5.0,1.0,7.0
,362.0,61.0,4.0
44635.0,56.0,3.0,7.0
33316.0,79.0,12.0,6.0
63967.0,387.0,162.0,2.0
52513.0,367.0,232.0,7.0
25293.0,15.0,9.0,8.0
54111.0,267.0,50.0,5.0
78394.0,298.0,166.0,2.0
80739.0,,92.0,
22669.0,16.0,48.0,9.0
29236.0,37.0,9.0,9.0
44911.0,159.0,31.0,7.0
54693.0,686.0,35.0,6.0
48186.0,97.0,34.0,7.0
54809.0,63.0,22.0,4.0
41580.0,56.0,3.0,5.0
80336.0,209.0,66.0,1.0
47743.0,198.0,20.0,6.0
62972.0,313.0,192.0,6.0
57333.0,941.0,176.0,6.0
32313.0,86.0,7.0,9.0
84953.0,,72.0,2.0
27071.0,8.0,3.0,6.0
68148.0,389.0,85.0,
65735.0,239.0,11.0,7.0
86836.0,179.0,63.0,5.0
4023.0,5.0,1.0,19.0
30093.0,2.0,16.0,7.0
57705.0,383.0,40.0,6.0
25008.0,2.0,9.0,8.0
83257.0,536.0,67.0,6.0
,2.0,2.0,8.0
,322.0,53.0,2.0
64260.0,539.0,30.0,3.0
82733.0,712.0,38.0,4.0
74290.0,1121.0,12.0,6.0
,68.0,13.0,6.0
21024.0,36.0,18.0,7.0
70116.0,707.0,29.0,1.0
54006.0,,97.0,7.0
69063.0,666.0,26.0,
11448.0,0.0,6.0,6.0
61825.0,162.0,27.0,4.0
70886.0,407.0,53.0,2.0
69109.0,823.0,95.0,4.0
,,59.0,7.0
32889.0,28.0,8.0,5.0
34738.0,3.0,2.0,6.0
30538.0,284.0,20.0,10.0
82326.0,,183.0,2.0
26642.0,13.0,8.0,6.0
69932.0,412.0,57.0,4.0
44503.0,31.0,8.0,
60200.0,502.0,26.0,6.0
49638.0,18.0,0.0,2.0
23830.0,1.0,16.0,7.0
,100.0,219.0,
72905.0,,203.0,1.0
69702.0,,57.0,4.0
70300.0,1045.0,46.0,8.0
70643.0,,33.0,6.0
30396.0,15.0,12.0,7.0
,128.0,4.0,7.0
62772.0,,108.0,2.0
30298.0,6.0,0.0,3.0
,185.0,12.0,7.0
44155.0,22.0,14.0,4.0
86979.0,584.0,35.0,2.0
76532.0,355.0,30.0,5.0
42081.0,175.0,27.0,6.0
67546.0,864.0,172.0,
88420.0,957.0,153.0,1.0
31158.0,25.0,5.0,8.0
61671.0,641.0,28.0,8.0
,273.0,43.0,1.0
49160.0,122.0,15.0,6.0
24882.0,1.0,36.0,6.0
90933.0,1020.0,79.0,1.0
113734.0,6.0,3.0,1.0
,378.0,14.0,3.0
45759.0,42.0,4.0,7.0
,15.0,11.0,7.0
73395.0,272.0,11.0,2.0
29819.0,9.0,2.0,6.0
,279.0,9.0,
62820.0,398.0,53.0,
60491.0,637.0,76.0,5.0
33235.0,45.0,6.0,7.0
35701.0,21.0,5.0,6.0
31535.0,15.0,19.0,7.0
92556.0,493.0,28.0,0.0
67384.0,957.0,107.0,5.0
80573.0,829.0,15.0,2.0
77870.0,1017.0,133.0,8.0
,953.0,174.0,8.0
57107.0,159.0,137.0,8.0
,32.0,18.0,6.0
36038.0,23.0,7.0,6.0
20180.0,18.0,18.0,7.0
34230.0,15.0,2.0,7.0
31878.0,23.0,23.0,3.0
,200.0,185.0,3.0
91249.0,1324.0,27.0,4.0
77598.0,1193.0,33.0,3.0
80982.0,,22.0,5.0
22701.0,2.0,5.0,5.0
55212.0,1103.0,34.0,8.0
70617.0,353.0,27.0,2.0
64849.0,652.0,108.0,
62694.0,379.0,91.0,7.0
,46.0,1.0,5.0
67472.0,,69.0,3.0
21059.0,8.0,8.0,6.0
29543.0,17.0,18.0,7.0
75903.0,340.0,100.0,3.0
34984.0,8.0,3.0,
54998.0,154.0,8.0,4.0
54356.0,710.0,0.0,8.0
34242.0,8.0,1.0,5.0
25410.0,2.0,4.0,4.0
73356.0,1050.0,112.0,2.0
28320.0,19.0,4.0,
23763.0,22.0,6.0,7.0
72570.0,274.0,224.0,
34529.0,68.0,41.0,7.0
70792.0,344.0,114.0,3.0
63211.0,145.0,145.0,2.0
83891.0,217.0,15.0,1.0
36065.0,18.0,3.0,8.0
39898.0,69.0,12.0,
51141.0,144.0,6.0,
56939.0,256.0,49.0,3.0
80872.0,483.0,108.0,1.0
,,0.0,8.0
61798.0,338.0,13.0,4.0
76842.0,,32.0,0.0
,8.0,1.0,6.0
,172.0,27.0,7.0
96843.0,448.0,17.0,2.0
56551.0,67.0,16.0,4.0
,512.0,89.0,5.0
,1462.0,160.0,
44359.0,,1.0,3.0
40887.0,,43.0,9.0
48877.0,102.0,24.0,7.0
,499.0,49.0,3.0
64474.0,381.0,93.0,5.0
77226.0,631.0,21.0,3.0
72643.0,526.0,53.0,2.0
85738.0,913.0,13.0,1.0
55686.0,673.0,26.0,4.0
39062.0,23.0,12.0,4.0
34600.0,199.0,15.0,8.0
40794.0,261.0,50.0,7.0
54690.0,111.0,18.0,3.0
4428.0,16.0,321.0,1.0
32632.0,63.0,53.0,5.0
38236.0,58.0,10.0,7.0
36781.0,29.0,13.0,8.0
31385.0,3.0,9.0,8.0
24570.0,28.0,44.0,9.0
25509.0,,11.0,9.0
,879.0,143.0,1.0
58646.0,62.0,22.0,4.0
53201.0,280.0,27.0,7.0
21994.0,,3.0,5.0
57113.0,182.0,42.0,7.0
,83.0,117.0,4.0
23477.0,38.0,29.0,8.0
58116.0,228.0,51.0,2.0
,1092.0,55.0,3.0
,85.0,21.0,7.0
91712.0,1276.0,48.0,3.0
94472.0,1017.0,16.0,5.0
13672.0,6.0,5.0,8.0
96547.0,448.0,62.0,2.0
,,44.0,4.0
56559.0,226.0,31.0,4.0
32644.0,,23.0,8.0
67506.0,90.0,67.0,3.0
24206.0,7.0,3.0,6.0
28420.0,4.0,0.0,6.0
22979.0,16.0,22.0,8.0
,10.0,0.0,3.0
46423.0,68.0,8.0,7.0
30368.0,35.0,2.0,8.0
63684.0,575.0,80.0,5.0
,315.0,91.0,8.0
68805.0,182.0,20.0,2.0
65814.0,561.0,35.0,5.0
71964.0,587.0,86.0,3.0
39146.0,94.0,12.0,8.0
96876.0,908.0,21.0,2.0
34445.0,228.0,30.0,9.0
68281.0,995.0,41.0,5.0
37284.0,,6.0,6.0
36790.0,3.0,10.0,9.0
,12.0,3.0,8.0
22263.0,17.0,2.0,6.0
,8.0,6.0,8.0
28587.0,22.0,13.0,6.0
,14.0,15.0,6.0
48195.0,106.0,5.0,6.0
77027.0,820.0,11.0,4.0
71322.0,,204.0,4.0
32765.0,13.0,3.0,5.0
29672.0,9.0,8.0,
23272.0,19.0,12.0,4.0
49912.0,520.0,42.0,8.0
7500.0,5.0,34.0,9.0
68117.0,618.0,36.0,6.0
67225.0,315.0,143.0,5.0
17649.0,15.0,1.0,
55914.0,384.0,232.0,7.0
40059.0,110.0,145.0,8.0
60905.0,208.0,38.0,2.0
75330.0,555.0,61.0,6.0
60689.0,240.0,24.0,3.0
38680.0,11.0,12.0,7.0
61416.0,,78.0,6.0
49767.0,202.0,149.0,4.0
83273.0,433.0,102.0,7.0
29009.0,6.0,2.0,6.0
45057.0,37.0,3.0,5.0
37150.0,167.0,116.0,7.0
43020.0,45.0,43.0,6.0
53154.0,129.0,7.0,
65308.0,713.0,34.0,4.0
76467.0,676.0,58.0,6.0
81044.0,450.0,26.0,1.0
32871.0,22.0,5.0,4.0
55801.0,367.0,95.0,7.0
76320.0,526.0,35.0,2.0
36927.0,,4.0,8.0
48794.0,25.0,15.0,4.0
23478.0,28.0,39.0,8.0
71128.0,958.0,31.0,7.0
70179.0,532.0,133.0,5.0
59462.0,724.0,196.0,7.0
,375.0,96.0,3.0
38361.0,,14.0,7.0
,23.0,7.0,6.0
,587.0,130.0,2.0
42554.0,29.0,0.0,4.0
67445.0,757.0,11.0,6.0
67046.0,544.0,107.0,2.0
42192.0,40.0,7.0,4.0
77610.0,1245.0,16.0,7.0
,19.0,28.0,
34350.0,16.0,11.0,7.0
54591.0,376.0,24.0,5.0
71866.0,184.0,33.0,3.0
25293.0,15.0,9.0,8.0
42000.0,124.0,35.0,5.0
69520.0,627.0,93.0,5.0
64713.0,180.0,54.0,4.0
27889.0,14.0,8.0,6.0
22123.0,3.0,31.0,5.0
,71.0,9.0,8.0
,161.0,24.0,6.0
27803.0,8.0,49.0,8.0
,264.0,147.0,7.0
51651.0,293.0,92.0,8.0
68487.0,758.0,89.0,4.0
,532.0,126.0,1.0
56796.0,656.0,37.0,7.0
87000.0,196.0,49.0,2.0
79823.0,835.0,43.0,2.0
30828.0,16.0,12.0,3.0
34109.0,9.0,4.0,4.0
53367.0,229.0,11.0,7.0
,0.0,5.0,7.0
71322.0,121.0,42.0,
,471.0,245.0,1.0
49912.0,520.0,42.0,8.0
48699.0,26.0,1.0,5.0
80144.0,240.0,108.0,1.0
54252.0,178.0,44.0,6.0
81929.0,1486.0,185.0,6.0
76068.0,1115.0,76.0,6.0
53204.0,29.0,6.0,4.0
,529.0,0.0,
14796.0,,16.0,9.0
78128.0,934.0,36.0,3.0
14188.0,2.0,27.0,6.0
20425.0,4.0,17.0,7.0
58646.0,62.0,22.0,4.0
72967.0,158.0,125.0,5.0
48150.0,173.0,47.0,7.0
82332.0,830.0,19.0,2.0
58275.0,,64.0,7.0
,728.0,124.0,6.0
34587.0,7.0,2.0,4.0
43018.0,,64.0,
45736.0,188.0,43.0,7.0
66476.0,742.0,57.0,4.0
27733.0,,17.0,7.0
69805.0,750.0,20.0,2.0
72217.0,816.0,154.0,2.0
25818.0,5.0,9.0,7.0
37509.0,,5.0,7.0
25176.0,4.0,5.0,7.0
43586.0,,16.0,8.0
,176.0,229.0,5.0
50116.0,54.0,2.0,
84906.0,997.0,76.0,2.0
61286.0,356.0,117.0,5.0
82333.0,1311.0,17.0,2.0
65220.0,890.0,12.0,6.0
33590.0,4.0,2.0,7.0
30992.0,17.0,2.0,7.0
72309.0,960.0,0.0,3.0
156924.0,2.0,1.0,0.0
16005.0,1.0,47.0,8.0
65487.0,240.0,163.0,2.0
58692.0,301.0,11.0,7.0
40590.0,154.0,37.0,6.0
20587.0,2.0,9.0,7.0
62637.0,104.0,5.0,2.0
29435.0,70.0,64.0,9.0
19346.0,2.0,2.0,8.0
35788.0,23.0,4.0,6.0
36997.0,43.0,27.0,5.0
23539.0,,25.0,
65333.0,654.0,30.0,
78499.0,912.0,97.0,4.0
29732.0,,4.0,9.0
41275.0,24.0,9.0,
63516.0,141.0,5.0,5.0
42769.0,71.0,0.0,4.0
49572.0,35.0,1.0,7.0
69209.0,496.0,128.0,4.0
17148.0,9.0,16.0,8.0
40590.0,154.0,37.0,6.0
30560.0,9.0,7.0,7.0
32146.0,26.0,3.0,6.0
41713.0,77.0,25.0,6.0
34176.0,11.0,2.0,3.0
58482.0,576.0,7.0,6.0
,89.0,5.0,4.0
60896.0,1013.0,153.0,6.0
62994.0,224.0,12.0,6.0
47320.0,200.0,19.0,6.0
74859.0,570.0,73.0,3.0
15253.0,1.0,,7.0
31560.0,62.0,7.0,8.0
72071.0,531.0,150.0,2.0
91172.0,,56.0,3.0
90000.0,675.0,241.0,1.0
41967.0,23.0,,4.0
69263.0,492.0,21.0,6.0
65706.0,918.0,129.0,7.0
,,54.0,
71965.0,572.0,248.0,3.0
65210.0,626.0,28.0,6.0
79174.0,1074.0,129.0,2.0
81380.0,741.0,103.0,2.0
48432.0,322.0,42.0,8.0
52914.0,254.0,227.0,7.0
38946.0,116.0,41.0,5.0
26067.0,22.0,12.0,8.0
44325.0,,5.0,8.0
42523.0,14.0,35.0,2.0
26487.0,2.0,23.0,5.0
53233.0,28.0,0.0,4.0
67716.0,,56.0,5.0
,519.0,41.0,3.0
84117.0,611.0,26.0,2.0
,240.0,163.0,2.0
25224.0,4.0,8.0,3.0
89616.0,671.0,15.0,2.0
40851.0,23.0,24.0,7.0
27469.0,,0.0,6.0
82347.0,556.0,63.0,
73803.0,833.0,174.0,
8820.0,12.0,4.0,8.0
43322.0,56.0,18.0,7.0
55593.0,,106.0,6.0
50501.0,297.0,152.0,6.0
,39.0,3.0,8.0
16185.0,5.0,45.0,8.0
57731.0,266.0,44.0,6.0
48432.0,322.0,42.0,
73807.0,366.0,54.0,2.0
18929.0,32.0,18.0,6.0
35893.0,158.0,18.0,8.0
61014.0,269.0,29.0,7.0
32144.0,41.0,3.0,7.0
14918.0,3.0,15.0,
45146.0,,15.0,4.0
41769.0,302.0,27.0,8.0
88325.0,519.0,53.0,2.0
38054.0,23.0,0.0,7.0
,594.0,32.0,2.0
5305.0,12.0,5.0,
36807.0,4.0,5.0,6.0
28427.0,18.0,6.0,
82032.0,332.0,57.0,1.0
22775.0,5.0,1.0,8.0
40101.0,171.0,62.0,7.0
58025.0,270.0,22.0,4.0
75777.0,712.0,80.0,1.0
7500.0,2.0,21.0,7.0
33562.0,21.0,3.0,4.0
57642.0,580.0,27.0,4.0
58554.0,368.0,88.0,7.0
63777.0,457.0,53.0,8.0
57967.0,229.0,91.0,5.0
,32.0,22.0,0.0
24434.0,3.0,17.0,7.0
11012.0,24.0,23.0,9.0
44802.0,,20.0,8.0
26816.0,,3.0,4.0
666666.0,9.0,12.0,6.0
,3.0,9.0,7.0
61223.0,709.0,247.0,5.0
64014.0,406.0,8.0,7.0
56981.0,908.0,24.0,6.0
69245.0,428.0,61.0,
52869.0,84.0,21.0,7.0
